{
  "n": 12,
  "iters": 20,
  "arm_means": {
    "baseline": 0.65,
    "random": 0.6611111111111111,
    "objective_reflection": 0.6972222222222223,
    "tei": 0.7277777777777777,
    "opro": 0.65
  },
  "contrasts": {
    "tei_vs_baseline": {
      "n": 12,
      "mean_before": 0.65,
      "mean_after": 0.7277777777777777,
      "mean_delta": 0.07777777777777779,
      "sd_delta": 0.11131294799156295,
      "median_delta": 0.11666666666666664,
      "t_stat": 2.420474261828436,
      "t_p_value": 0.03397832954989541,
      "wilcoxon_stat": 14.5,
      "wilcoxon_p_value": 0.05419921875,
      "cohen_dz": 0.6987307333166041,
      "ci95_low": 0.016666666666666635,
      "ci95_high": 0.13618055555555458,
      "wins": 9,
      "losses": 3,
      "ties": 0,
      "rel_improvement_pct": 11.965811965811968
    },
    "tei_vs_random": {
      "n": 12,
      "mean_before": 0.6611111111111111,
      "mean_after": 0.7277777777777777,
      "mean_delta": 0.06666666666666668,
      "sd_delta": 0.1294900643589182,
      "median_delta": 0.06666666666666665,
      "t_stat": 1.7834581272253818,
      "t_p_value": 0.10209186349355845,
      "wilcoxon_stat": 14.5,
      "wilcoxon_p_value": 0.1015625,
      "cohen_dz": 0.514840014921,
      "ci95_low": 1.850371707708594e-17,
      "ci95_high": 0.1416666666666667,
      "wins": 7,
      "losses": 4,
      "ties": 1,
      "rel_improvement_pct": 10.08403361344538
    },
    "tei_vs_opro": {
      "n": 12,
      "mean_before": 0.65,
      "mean_after": 0.7277777777777777,
      "mean_delta": 0.07777777777777779,
      "sd_delta": 0.10762198466155316,
      "median_delta": 0.06666666666666665,
      "t_stat": 2.5034859417350677,
      "t_p_value": 0.029324106739197945,
      "wilcoxon_stat": 5.5,
      "wilcoxon_p_value": 0.025390625,
      "cohen_dz": 0.7226941411865925,
      "ci95_low": 0.024999999999999994,
      "ci95_high": 0.1416666666666667,
      "wins": 8,
      "losses": 2,
      "ties": 2,
      "rel_improvement_pct": 11.965811965811968
    },
    "opro_vs_baseline": {
      "n": 12,
      "mean_before": 0.65,
      "mean_after": 0.65,
      "mean_delta": 0.0,
      "sd_delta": 0.07106690545187017,
      "median_delta": 0.0,
      "t_stat": 0.0,
      "t_p_value": 1.0,
      "wilcoxon_stat": 12.0,
      "wilcoxon_p_value": 0.8125,
      "cohen_dz": 0.0,
      "ci95_low": -0.03611111111111117,
      "ci95_high": 0.04166666666666665,
      "wins": 3,
      "losses": 4,
      "ties": 5,
      "rel_improvement_pct": 0.0
    }
  },
  "budget_effect": {
    "n": 12,
    "mean_before": 0.7166666666666667,
    "mean_after": 0.7277777777777777,
    "mean_delta": 0.011111111111111108,
    "sd_delta": 0.05381099233077656,
    "median_delta": 0.0,
    "t_stat": 0.7152816976385907,
    "t_p_value": 0.4893390859115818,
    "wilcoxon_stat": 12.0,
    "wilcoxon_p_value": 0.828125,
    "cohen_dz": 0.2064840403390264,
    "ci95_low": -0.013888888888888886,
    "ci95_high": 0.04166666666666666,
    "wins": 3,
    "losses": 4,
    "ties": 5,
    "rel_improvement_pct": 1.5503875968992245
  },
  "tost05": {
    "bound": 0.05,
    "p_tost": 0.7971026949120713,
    "equivalent": false
  },
  "power": {
    "n": 12,
    "sd_delta": 0.11131294799156295,
    "mde_80pct": 0.09002412293997882,
    "observed_delta": 0.07777777777777779,
    "post_hoc_power": 0.677430923857491
  }
}