{
  "n_agents": 31,
  "arm_means": {
    "baseline": 0.8518817204301075,
    "random": 0.8669354838709675,
    "objective_reflection": 0.864784946236559,
    "tei": 0.8669354838709677
  },
  "contrasts": {
    "tei_vs_baseline": {
      "n": 31,
      "mean_before": 0.8518817204301075,
      "mean_after": 0.8669354838709677,
      "mean_delta": 0.015053763440860214,
      "sd_delta": 0.09945265379302613,
      "median_delta": 0.0,
      "t_stat": 0.8427709509584983,
      "t_p_value": 0.4060258051982088,
      "wilcoxon_stat": 50.5,
      "wilcoxon_p_value": 0.36471387460376103,
      "cohen_dz": 0.1513661311862934,
      "ci95_low": -0.019354838709677427,
      "ci95_high": 0.05000000000000001,
      "wins": 9,
      "losses": 7,
      "ties": 15,
      "rel_improvement_pct": 1.7671189649731776
    },
    "tei_vs_random": {
      "n": 31,
      "mean_before": 0.8669354838709675,
      "mean_after": 0.8669354838709677,
      "mean_delta": 0.0,
      "sd_delta": 0.12039672076252897,
      "median_delta": 0.0,
      "t_stat": 0.0,
      "t_p_value": 1.0,
      "wilcoxon_stat": 92.0,
      "wilcoxon_p_value": 0.9037815605972133,
      "cohen_dz": 0.0,
      "ci95_low": -0.04166666666666666,
      "ci95_high": 0.04274865591397842,
      "wins": 9,
      "losses": 10,
      "ties": 12,
      "rel_improvement_pct": 0.0
    },
    "tei_vs_objref": {
      "n": 31,
      "mean_before": 0.864784946236559,
      "mean_after": 0.8669354838709677,
      "mean_delta": 0.0021505376344086017,
      "sd_delta": 0.0483987938868451,
      "median_delta": 0.0,
      "t_stat": 0.2473963882194896,
      "t_p_value": 0.8062868257102476,
      "wilcoxon_stat": 64.0,
      "wilcoxon_p_value": 0.8348549704645252,
      "cohen_dz": 0.044433703026494686,
      "ci95_low": -0.012903225806451616,
      "ci95_high": 0.02016129032258065,
      "wins": 7,
      "losses": 9,
      "ties": 15,
      "rel_improvement_pct": 0.24867889337892446
    },
    "random_vs_baseline": {
      "n": 31,
      "mean_before": 0.8518817204301075,
      "mean_after": 0.8669354838709675,
      "mean_delta": 0.015053763440860216,
      "sd_delta": 0.06256179740563451,
      "median_delta": 0.0,
      "t_stat": 1.3397282541141673,
      "t_p_value": 0.19039457284994382,
      "wilcoxon_stat": 9.5,
      "wilcoxon_p_value": 0.23337913996950255,
      "cohen_dz": 0.24062229771397883,
      "ci95_low": -0.004301075268817214,
      "ci95_high": 0.03870967741935485,
      "wins": 5,
      "losses": 3,
      "ties": 23,
      "rel_improvement_pct": 1.767118964973178
    },
    "objref_vs_baseline": {
      "n": 31,
      "mean_before": 0.8518817204301075,
      "mean_after": 0.864784946236559,
      "mean_delta": 0.012903225806451611,
      "sd_delta": 0.09415409723577807,
      "median_delta": 0.0,
      "t_stat": 0.763027026118735,
      "t_p_value": 0.451406009637017,
      "wilcoxon_stat": 17.0,
      "wilcoxon_p_value": 0.5143004874563052,
      "cohen_dz": 0.13704369948064726,
      "ci95_low": -0.01935483870967743,
      "ci95_high": 0.04623655913978495,
      "wins": 5,
      "losses": 4,
      "ties": 22,
      "rel_improvement_pct": 1.514673398548438
    }
  },
  "holm_corrected_p": {
    "random_vs_baseline": 0.9519728642497192,
    "tei_vs_baseline": 1.0,
    "objref_vs_baseline": 1.0,
    "tei_vs_objref": 1.0,
    "tei_vs_random": 1.0
  },
  "gpa": {
    "n": 31,
    "mean_before": 0.9049428763440859,
    "mean_after": 0.9127782258064514,
    "mean_delta": 0.007835349462365573,
    "sd_delta": 0.07391008096422091,
    "median_delta": -0.00010416666666679397,
    "t_stat": 0.5902493805682203,
    "t_p_value": 0.5594437711958586,
    "wilcoxon_stat": 181.0,
    "wilcoxon_p_value": 0.8475855521355773,
    "cohen_dz": 0.10601191826807202,
    "ci95_low": -0.017940036962365596,
    "ci95_high": 0.03356994287634403,
    "wins": 11,
    "losses": 16,
    "ties": 4,
    "rel_improvement_pct": 0.865839122798547
  },
  "gpa_dimensions": {
    "target_alignment": {
      "n": 31,
      "mean_before": 0.909583333333333,
      "mean_after": 0.9174999999999998,
      "mean_delta": 0.007916666666666666,
      "sd_delta": 0.07664152667523728,
      "median_delta": 0.0,
      "t_stat": 0.5751207791808323,
      "t_p_value": 0.5694983020513517,
      "wilcoxon_stat": 136.0,
      "wilcoxon_p_value": 0.689141484255954,
      "cohen_dz": 0.10329474124664748,
      "ci95_low": -0.017742271505376356,
      "ci95_high": 0.035740255376344066,
      "wins": 14,
      "losses": 10,
      "ties": 7,
      "rel_improvement_pct": 0.8703618873110401
    },
    "reasoning_soundness": {
      "n": 31,
      "mean_before": 0.8995672043010753,
      "mean_after": 0.8935913978494622,
      "mean_delta": -0.005975806451612965,
      "sd_delta": 0.053061896916907776,
      "median_delta": 0.0,
      "t_stat": -0.6270390644451038,
      "t_p_value": 0.5353769544978042,
      "wilcoxon_stat": 182.0,
      "wilcoxon_p_value": 0.632507939829223,
      "cohen_dz": -0.11261954055224925,
      "ci95_low": -0.026243077956989286,
      "ci95_high": 0.010374059139784866,
      "wins": 13,
      "losses": 15,
      "ties": 3,
      "rel_improvement_pct": -0.6642979449496391
    },
    "execution_accuracy": {
      "n": 31,
      "mean_before": 0.9247768817204302,
      "mean_after": 0.9430860215053762,
      "mean_delta": 0.018309139784946245,
      "sd_delta": 0.08708616474277492,
      "median_delta": 0.0,
      "t_stat": 1.1705760187028393,
      "t_p_value": 0.25098411633997,
      "wilcoxon_stat": 165.0,
      "wilcoxon_p_value": 0.5641956597806144,
      "cohen_dz": 0.21024165938442316,
      "ci95_low": -0.010510147849462362,
      "ci95_high": 0.05065893817204305,
      "wins": 14,
      "losses": 13,
      "ties": 4,
      "rel_improvement_pct": 1.9798440193362545
    },
    "output_integrity": {
      "n": 31,
      "mean_before": 0.8858440860215054,
      "mean_after": 0.8969354838709678,
      "mean_delta": 0.01109139784946237,
      "sd_delta": 0.0980802282970207,
      "median_delta": 0.0,
      "t_stat": 0.6296303623314667,
      "t_p_value": 0.5337026735574492,
      "wilcoxon_stat": 142.5,
      "wilcoxon_p_value": 0.8302986761788425,
      "cohen_dz": 0.1130849513917708,
      "ci95_low": -0.02240423387096776,
      "ci95_high": 0.046143481182795695,
      "wins": 11,
      "losses": 13,
      "ties": 7,
      "rel_improvement_pct": 1.2520711064715633
    }
  },
  "subgroups": {
    "public": {
      "n": 14,
      "stats": {
        "n": 14,
        "mean_before": 0.7023809523809524,
        "mean_after": 0.730952380952381,
        "mean_delta": 0.02857142857142858,
        "sd_delta": 0.14609278333682796,
        "median_delta": 0.0,
        "t_stat": 0.7317575469726892,
        "t_p_value": 0.47730146935164636,
        "wilcoxon_stat": 14.5,
        "wilcoxon_p_value": 0.3424043343095282,
        "cohen_dz": 0.19557043078271014,
        "ci95_low": -0.04523809523809526,
        "ci95_high": 0.10000000000000002,
        "wins": 5,
        "losses": 4,
        "ties": 5,
        "rel_improvement_pct": 4.067796610169492
      }
    },
    "synthetic": {
      "n": 17,
      "stats": {
        "n": 17,
        "mean_before": 0.975,
        "mean_after": 0.9789215686274509,
        "mean_delta": 0.003921568627450973,
        "sd_delta": 0.030207276857793706,
        "median_delta": 0.0,
        "t_stat": 0.5352697545431706,
        "t_p_value": 0.5998248234037369,
        "wilcoxon_stat": 12.0,
        "wilcoxon_p_value": 0.7316005889599013,
        "cohen_dz": 0.12982198448117244,
        "ci95_low": -0.009803921568627461,
        "ci95_high": 0.018137254901960765,
        "wins": 4,
        "losses": 3,
        "ties": 10,
        "rel_improvement_pct": 0.4022121669180485
      }
    }
  },
  "headroom_subset": {
    "n": 12,
    "stats": {
      "n": 12,
      "mean_before": 0.65,
      "mean_after": 0.7166666666666667,
      "mean_delta": 0.06666666666666668,
      "sd_delta": 0.11634153830577257,