{
  "n": 31,
  "baseline_mean": 0.8518817204301075,
  "two_phase_mean": 0.8637096774193548,
  "contrast": {
    "n": 31,
    "mean_before": 0.8518817204301075,
    "mean_after": 0.8637096774193548,
    "mean_delta": 0.011827956989247318,
    "sd_delta": 0.0491018496270567,
    "median_delta": 0.0,
    "t_stat": 1.3411974886894915,
    "t_p_value": 0.18992268295526157,
    "wilcoxon_stat": 3.0,
    "wilcoxon_p_value": 0.22491588401596185,
    "cohen_dz": 0.24088618003362816,
    "ci95_low": -0.0032258064516129024,
    "ci95_high": 0.030107526881720446,
    "wins": 4,
    "losses": 1,
    "ties": 26,
    "rel_improvement_pct": 1.388450615336069
  },
  "sign": {
    "pos": 4,
    "neg": 1,
    "ties": 26,
    "p_value": 0.375
  },
  "perm": {
    "observed_mean": 0.011827956989247318,
    "p_value": 0.24235
  },
  "up": 4,
  "down": 1,
  "tie": 26,
  "deployed_phase_counts": {
    "baseline(ceiling)": 16,
    "baseline": 9,
    "structural-only": 5,
    "structural+prompt": 1
  },
  "prompt_added_over_struct": 3,
  "headroom": {
    "n": 12,
    "stats": {
      "n": 12,
      "mean_before": 0.65,
      "mean_after": 0.6805555555555557,
      "mean_delta": 0.030555555555555572,
      "sd_delta": 0.07714388148893243,
      "median_delta": 0.0,
      "t_stat": 1.372079642720817,
      "t_p_value": 0.19737094942981367,
      "wilcoxon_stat": 3.0,
      "wilcoxon_p_value": 0.3125,
      "cohen_dz": 0.39608527553723455,
      "ci95_low": -0.008333333333333331,
      "ci95_high": 0.07500000000000002,
      "wins": 4,
      "losses": 1,
      "ties": 7,
      "rel_improvement_pct": 4.700854700854703
    }
  },
  "task_ids": [
    "agri_crop_issue",
    "community_forum_topic",
    "consumer_sentiment_5",
    "cybersec_alert",
    "edtech_question_router",
    "edu_gsm8k",
    "edu_math_word",
    "energy_meter_event",
    "fin_banking_intent",
    "gaming_support",
    "gov_service_router",
    "health_triage",
    "hospitality_review_stars",
    "hr_resume_fit",
    "insurance_claim_type",
    "it_email_spam",
    "legal_contract_clause",
    "logistics_incident",
    "manufacturing_qa",
    "market_research_subjectivity",
    "media_news_desk",
    "news_agency_topic",
    "pharma_ade",
    "platform_toxicity",
    "realestate_attribute",
    "retail_counterfactual",
    "saas_ticket_priority",
    "social_emotion",
    "telecom_churn_reason",
    "travel_intent",
    "trust_safety_hate"
  ]
}