{
  "n": 31,
  "arm_means": {
    "baseline": 0.8518817204301075,
    "random": 0.8669354838709675,
    "objective_reflection": 0.864784946236559,
    "tei": 0.8669354838709677,
    "tei_v3": 0.8733870967741935
  },
  "contrasts": {
    "teiv3_vs_baseline": {
      "n": 31,
      "mean_before": 0.8518817204301075,
      "mean_after": 0.8733870967741935,
      "mean_delta": 0.021505376344086023,
      "sd_delta": 0.05808575212357202,
      "median_delta": 0.0,
      "t_stat": 2.0613810382126223,
      "t_p_value": 0.04802495692675642,
      "wilcoxon_stat": 1.5,
      "wilcoxon_p_value": 0.058475261565652865,
      "cohen_dz": 0.3702349639604449,
      "ci95_low": 0.0032258064516129063,
      "ci95_high": 0.044086021505376355,
      "wins": 5,
      "losses": 1,
      "ties": 25,
      "rel_improvement_pct": 2.524455664247397
    },
    "teiv3_vs_random": {
      "n": 31,
      "mean_before": 0.8669354838709675,
      "mean_after": 0.8733870967741935,
      "mean_delta": 0.006451612903225811,
      "sd_delta": 0.04746878493924322,
      "median_delta": 0.0,
      "t_stat": 0.7567301427945013,
      "t_p_value": 0.4551137936792472,
      "wilcoxon_stat": 20.5,
      "wilcoxon_p_value": 0.47293437561530205,
      "cohen_dz": 0.13591274584937094,
      "ci95_low": -0.008602150537634407,
      "ci95_high": 0.023655913978494626,
      "wins": 6,
      "losses": 4,
      "ties": 21,
      "rel_improvement_pct": 0.7441860465116286
    },
    "teiv3_vs_tei": {
      "n": 31,
      "mean_before": 0.8669354838709677,
      "mean_after": 0.8733870967741935,
      "mean_delta": 0.0064516129032258125,
      "sd_delta": 0.09892266146346616,
      "median_delta": 0.0,
      "t_stat": 0.3631226644525863,
      "t_p_value": 0.719059429503924,
      "wilcoxon_stat": 72.5,
      "wilcoxon_p_value": 0.569959628059086,
      "cohen_dz": 0.065218755821774,
      "ci95_low": -0.0282258064516129,
      "ci95_high": 0.04032930107526874,
      "wins": 11,
      "losses": 7,
      "ties": 13,
      "rel_improvement_pct": 0.7441860465116287
    },
    "teiv3_vs_objref": {
      "n": 31,
      "mean_before": 0.864784946236559,
      "mean_after": 0.8733870967741935,
      "mean_delta": 0.008602150537634414,
      "sd_delta": 0.08475137579369867,
      "median_delta": 0.0,
      "t_stat": 0.5651205866406833,
      "t_p_value": 0.5761938686123732,
      "wilcoxon_stat": 16.0,
      "wilcoxon_p_value": 0.4392541254123927,
      "cohen_dz": 0.10149865364514815,
      "ci95_low": -0.020430107526881718,
      "ci95_high": 0.03870967741935485,
      "wins": 5,
      "losses": 4,
      "ties": 22,
      "rel_improvement_pct": 0.9947155735156986
    }
  },
  "extra": {
    "sign_vs_baseline": {
      "pos": 5,
      "neg": 1,
      "ties": 25,
      "p_value": 0.21875
    },
    "perm_vs_baseline": {
      "observed_mean": 0.021505376344086023,
      "p_value": 0.09115
    },
    "sign_vs_random": {
      "pos": 6,
      "neg": 4,
      "ties": 21,
      "p_value": 0.75390625
    },
    "perm_vs_random": {
      "observed_mean": 0.006451612903225811,
      "p_value": 0.55005
    }
  },
  "headroom": {
    "n": 12,
    "vs_baseline": {
      "n": 12,
      "mean_before": 0.65,
      "mean_after": 0.7055555555555556,
      "mean_delta": 0.05555555555555556,
      "sd_delta": 0.08448696430838985,
      "median_delta": 0.0,
      "t_stat": 2.277867258047101,
      "t_p_value": 0.043699584804600206,
      "wilcoxon_stat": 1.5,
      "wilcoxon_p_value": 0.09375,
      "cohen_dz": 0.6575636373058642,
      "ci95_low": 0.011111111111111118,
      "ci95_high": 0.10277777777777782,
      "wins": 5,
      "losses": 1,
      "ties": 6,
      "rel_improvement_pct": 8.547008547008547
    },
    "vs_random": {
      "n": 12,
      "mean_before": 0.6833333333333332,
      "mean_after": 0.7055555555555556,
      "mean_delta": 0.02222222222222223,
      "sd_delta": 0.07293740686277049,
      "median_delta": 0.016666666666666663,
      "t_stat": 1.0554260043380173,
      "t_p_value": 0.31386026070367873,
      "wilcoxon_stat": 14.0,
      "wilcoxon_p_value": 0.3515625,
      "cohen_dz": 0.3046752438571427,
      "ci95_low": -0.016666666666666663,
      "ci95_high": 0.0638888888888889,
      "wins": 6,
      "losses": 3,
      "ties": 3,
      "rel_improvement_pct": 3.252032520325205
    },
    "task_ids": [
      "community_forum_topic",
      "consumer_sentiment_5",
      "edtech_question_router",
      "health_triage",
      "hospitality_review_stars",
      "market_research_subjectivity",
      "media_news_desk",
      "news_agency_topic",
      "platform_toxicity",
      "retail_counterfactual",
      "social_emotion",
      "trust_safety_hate"
    ]
  },
  "n_triaged": 16,
  "n_shipped_baseline": 25,
  "judge_calls_saved": 85,
  "n_regressions": 1,
  "task_ids": [
    "agri_crop_issue",
    "community_forum_topic",
    "consumer_sentiment_5",
    "cybersec_alert",
    "edtech_question_router",
    "edu_gsm8k",
    "edu_math_word",
    "energy_meter_event",
    "fin_banking_intent",
    "gaming_support",
    "gov_service_router",
    "health_triage",
    "hospitality_review_stars",
    "hr_resume_fit",
    "insurance_claim_type",
    "it_email_spam",
    "legal_contract_clause",
    "logistics_incident",
    "manufacturing_qa",
    "market_research_subjectivity",
    "media_news_desk",
    "news_agency_topic",
    "pharma_ade",
    "platform_toxicity",
    "realestate_attribute",
    "retail_counterfactual",
    "saas_ticket_priority",
    "social_emotion",
    "telecom_churn_reason",
    "travel_intent",
    "trust_safety_hate"
  ]
}