{
  "n_agents": 31,
  "models": {
    "agent": "claude-haiku-4-5",
    "judge": "claude-sonnet-4-5",
    "optimizer": "claude-sonnet-4-5"
  },
  "config": {
    "iterations": 6,
    "minibatch": 10,
    "repeats": 1,
    "concurrency": 10,
    "only": null
  },
  "objective": {
    "n": 31,
    "mean_before": 0.682258064516129,
    "mean_after": 0.857168458781362,
    "mean_delta": 0.17491039426523294,
    "sd_delta": 0.1739097193046001,
    "median_delta": 0.1333333333333333,
    "t_stat": 5.599801228894013,
    "t_p_value": 4.2866339532877816e-06,
    "wilcoxon_stat": 1.5,
    "wilcoxon_p_value": 2.1730541221749136e-05,
    "cohen_dz": 1.0057539910054145,
    "ci95_low": 0.11541218637992831,
    "ci95_high": 0.23709677419354838,
    "wins": 23,
    "losses": 1,
    "ties": 7,
    "rel_improvement_pct": 25.636984502232725
  },
  "gpa": {
    "n": 31,
    "mean_before": 0.8977885304659498,
    "mean_after": 0.9342092293906811,
    "mean_delta": 0.036420698924731175,
    "sd_delta": 0.05892942854623099,
    "median_delta": 0.025000000000000022,
    "t_stat": 3.4410968262384323,
    "t_p_value": 0.0017260977949444462,
    "wilcoxon_stat": 47.0,
    "wilcoxon_p_value": 1.9677914679050446e-05,
    "cohen_dz": 0.6180392347799302,
    "ci95_low": 0.017713452060931913,
    "ci95_high": 0.058497166218637986,
    "wins": 26,
    "losses": 5,
    "ties": 0,
    "rel_improvement_pct": 4.0567124315821825
  },
  "gpa_dimensions": {
    "target_alignment": {
      "n": 31,
      "mean_before": 0.9100501792114694,
      "mean_after": 0.9584318996415769,
      "mean_delta": 0.04838172043010751,
      "sd_delta": 0.07183335158250102,
      "median_delta": 0.0277777777777779,
      "t_stat": 3.750041072687184,
      "t_p_value": 0.0007552432900656355,
      "wilcoxon_stat": 19.0,
      "wilcoxon_p_value": 2.786920871612211e-05,
      "cohen_dz": 0.6735272594727927,
      "ci95_low": 0.027249014336917548,
      "ci95_high": 0.07628203405017919,
      "wins": 24,
      "losses": 3,
      "ties": 4,
      "rel_improvement_pct": 5.316379418993004
    },
    "reasoning_soundness": {
      "n": 31,
      "mean_before": 0.8981720430107526,
      "mean_after": 0.89881541218638,
      "mean_delta": 0.0006433691756272254,
      "sd_delta": 0.05709165213637819,
      "median_delta": 0.0022222222222219035,
      "t_stat": 0.06274346308360029,
      "t_p_value": 0.950386971538571,
      "wilcoxon_stat": 206.0,
      "wilcoxon_p_value": 0.5857016572266018,
      "cohen_dz": 0.011269058637335832,
      "ci95_low": -0.02061241039426523,
      "ci95_high": 0.019335170250896035,
      "wins": 16,
      "losses": 14,
      "ties": 1,
      "rel_improvement_pct": 0.0716309509557428
    },
    "execution_accuracy": {
      "n": 31,
      "mean_before": 0.9053154121863799,
      "mean_after": 0.9792939068100358,
      "mean_delta": 0.07397849462365594,
      "sd_delta": 0.09506276535791339,
      "median_delta": 0.036111111111111205,
      "t_stat": 4.332872333669349,
      "t_p_value": 0.00015188176085343262,
      "wilcoxon_stat": 28.0,
      "wilcoxon_p_value": 2.594159111930035e-05,
      "cohen_dz": 0.7782068441321404,
      "ci95_low": 0.04362473118279574,
      "ci95_high": 0.10794103942652325,
      "wins": 28,
      "losses": 2,
      "ties": 1,
      "rel_improvement_pct": 8.171571325069387
    },
    "output_integrity": {
      "n": 31,
      "mean_before": 0.877616487455197,
      "mean_after": 0.9002956989247312,
      "mean_delta": 0.02267921146953409,
      "sd_delta": 0.0824846322008915,
      "median_delta": 0.005555555555555647,
      "t_stat": 1.530860986197051,
      "t_p_value": 0.1362816690657023,
      "wilcoxon_stat": 116.0,
      "wilcoxon_p_value": 0.02815817001487104,
      "cohen_dz": 0.27495074978692785,
      "ci95_low": -0.005383915770609294,
      "ci95_high": 0.051929211469534095,
      "wins": 21,
      "losses": 8,
      "ties": 2,
      "rel_improvement_pct": 2.5841824753425544
    }
  },
  "headroom_subset": {
    "n": 25,
    "stats": {
      "n": 25,
      "mean_before": 0.6166666666666667,
      "mean_after": 0.822888888888889,
      "mean_delta": 0.20622222222222222,
      "sd_delta": 0.1795006218680838,
      "median_delta": 0.20000000000000007,
      "t_stat": 5.744331693005952,
      "t_p_value": 6.409549829282061e-06,
      "wilcoxon_stat": 1.5,
      "wilcoxon_p_value": 0.00011065653437451047,
      "cohen_dz": 1.1488663386011906,
      "ci95_low": 0.13910555555555557,
      "ci95_high": 0.27489444444444444,
      "wins": 19,
      "losses": 1,
      "ties": 5,
      "rel_improvement_pct": 33.44144144144144
    }
  },
  "holm_corrected_p": {
    "objective": 2.571980371972669e-05,
    "dim_execution_accuracy": 0.0007594088042671631,
    "dim_target_alignment": 0.003020973160262542,
    "gpa": 0.005178293384833338,
    "dim_output_integrity": 0.2725633381314046,
    "dim_reasoning_soundness": 0.950386971538571
  },
  "usage": {
    "calls": 6834,
    "cache_hits": 1709,
    "tokens_in": 2518828,
    "tokens_out": 431373,
    "cost_usd": 9.7426
  },
  "wall_clock_s": 3241.1
}