{
  "n_agents": 3,
  "models": {
    "agent": "claude-haiku-4-5",
    "judge": "claude-sonnet-4-5",
    "optimizer": "claude-sonnet-4-5"
  },
  "config": {
    "only": null,
    "iterations": 6,
    "minibatch": 8,
    "repeats": 2,
    "concurrency": 6
  },
  "objective": {
    "n": 3,
    "mean_before": 0.8666666666666667,
    "mean_after": 0.9555555555555556,
    "mean_delta": 0.0888888888888889,
    "sd_delta": 0.07698003589195011,
    "median_delta": 0.1333333333333333,
    "t_stat": 2.0,
    "t_p_value": 0.18350341907227394,
    "wilcoxon_stat": 0.0,
    "wilcoxon_p_value": 0.5,
    "cohen_dz": 1.1547005383792517,
    "ci95_low": 0.0,
    "ci95_high": 0.13333333333333341,
    "wins": 2,
    "losses": 0,
    "ties": 1,
    "rel_improvement_pct": 10.256410256410257
  },
  "gpa": {
    "n": 3,
    "mean_before": 0.9612222222222222,
    "mean_after": 0.9819444444444444,
    "mean_delta": 0.020722222222222197,
    "sd_delta": 0.015061294519150498,
    "median_delta": 0.029166666666666674,
    "t_stat": 2.3830582217873064,
    "t_p_value": 0.14003006804187368,
    "wilcoxon_stat": 0.0,
    "wilcoxon_p_value": 0.25,
    "cohen_dz": 1.3758593058434523,
    "ci95_low": 0.0033333333333332993,
    "ci95_high": 0.02966666666666662,
    "wins": 3,
    "losses": 0,
    "ties": 0,
    "rel_improvement_pct": 2.1558201364004135
  },
  "per_agent": [
    {
      "task_id": "edu_math_word",
      "industry": "Education",
      "obj_before": 0.8666666666666667,
      "obj_after": 1.0,
      "gpa_before": 0.9966666666666667,
      "gpa_after": 1.0,
      "duration_s": 78.2
    },
    {
      "task_id": "fin_banking_intent",
      "industry": "Finance / Banking",
      "obj_before": 1.0,
      "obj_after": 1.0,
      "gpa_before": 0.9691666666666666,
      "gpa_after": 0.9983333333333333,
      "duration_s": 89.1
    },
    {
      "task_id": "health_triage",
      "industry": "Healthcare",
      "obj_before": 0.7333333333333333,
      "obj_after": 0.8666666666666667,
      "gpa_before": 0.9178333333333333,
      "gpa_after": 0.9474999999999999,
      "duration_s": 122.8
    }
  ],
  "usage": {
    "calls": 714,
    "cache_hits": 288,
    "tokens_in": 159307,
    "tokens_out": 27364,
    "cost_usd": 0.6612
  },
  "wall_clock_s": 290.3
}