{
  "n": 31,
  "arm_means": {
    "baseline": 0.8518817204301075,
    "random": 0.8669354838709675,
    "objective_reflection": 0.864784946236559,
    "tei": 0.8669354838709677,
    "tei_v3": 0.8766129032258062
  },
  "contrasts": {
    "teiv3_vs_baseline": {
      "n": 31,
      "mean_before": 0.8518817204301075,
      "mean_after": 0.8766129032258062,
      "mean_delta": 0.02473118279569893,
      "sd_delta": 0.05771432965107435,
      "median_delta": 0.0,
      "t_stat": 2.3858441924736833,
      "t_p_value": 0.023553533602709106,
      "wilcoxon_stat": 0.0,
      "wilcoxon_p_value": 0.027707849358079868,
      "cohen_dz": 0.4285102667780628,
      "ci95_low": 0.0064516129032258064,
      "ci95_high": 0.04626344086021468,
      "wins": 6,
      "losses": 0,
      "ties": 25,
      "rel_improvement_pct": 2.903124013884507
    },
    "teiv3_vs_random": {
      "n": 31,
      "mean_before": 0.8669354838709675,
      "mean_after": 0.8766129032258062,
      "mean_delta": 0.009677419354838714,
      "sd_delta": 0.0448813649253532,
      "median_delta": 0.0,
      "t_stat": 1.2005336891524687,
      "t_p_value": 0.23932623680548246,
      "wilcoxon_stat": 16.5,
      "wilcoxon_p_value": 0.2578203483008489,
      "cohen_dz": 0.21562221583354746,
      "ci95_low": -0.004301075268817203,
      "ci95_high": 0.025806451612903233,
      "wins": 7,
      "losses": 3,
      "ties": 21,
      "rel_improvement_pct": 1.1162790697674425
    },
    "teiv3_vs_tei": {
      "n": 31,
      "mean_before": 0.8669354838709677,
      "mean_after": 0.8766129032258062,
      "mean_delta": 0.009677419354838715,
      "sd_delta": 0.09921209916772465,
      "median_delta": 0.0,
      "t_stat": 0.5430949557567781,
      "t_p_value": 0.591077190033731,
      "wilcoxon_stat": 66.0,
      "wilcoxon_p_value": 0.3946291185978297,
      "cohen_dz": 0.09754273355791408,
      "ci95_low": -0.025268817204301075,
      "ci95_high": 0.043548387096774194,
      "wins": 12,
      "losses": 6,
      "ties": 13,
      "rel_improvement_pct": 1.1162790697674425
    },
    "teiv3_vs_objref": {
      "n": 31,
      "mean_before": 0.864784946236559,
      "mean_after": 0.8766129032258062,
      "mean_delta": 0.011827956989247317,
      "sd_delta": 0.08587173341537396,
      "median_delta": 0.0,
      "t_stat": 0.7669028537163215,
      "t_p_value": 0.4491327649875711,
      "wilcoxon_stat": 16.0,
      "wilcoxon_p_value": 0.23928237981750466,
      "cohen_dz": 0.13773981866691548,
      "ci95_low": -0.01720430107526882,
      "ci95_high": 0.04193548387096775,
      "wins": 6,
      "losses": 4,
      "ties": 21,
      "rel_improvement_pct": 1.3677339135840854
    }
  },
  "extra": {
    "sign_vs_baseline": {
      "pos": 6,
      "neg": 0,
      "ties": 25,
      "p_value": 0.03125
    },
    "perm_vs_baseline": {
      "observed_mean": 0.02473118279569893,
      "p_value": 0.03055
    },
    "sign_vs_random": {
      "pos": 7,
      "neg": 3,
      "ties": 21,
      "p_value": 0.34375
    },
    "perm_vs_random": {
      "observed_mean": 0.009677419354838714,
      "p_value": 0.3134
    }
  },
  "headroom": {
    "n": 12,
    "vs_baseline": {
      "n": 12,
      "mean_before": 0.65,
      "mean_after": 0.7138888888888889,
      "mean_delta": 0.0638888888888889,
      "sd_delta": 0.07971962653712608,
      "median_delta": 0.016666666666666663,
      "t_stat": 2.7761996989071087,
      "t_p_value": 0.01802601406632672,
      "wilcoxon_stat": 0.0,
      "wilcoxon_p_value": 0.03125,
      "cohen_dz": 0.8014198217440885,
      "ci95_low": 0.022222222222222223,
      "ci95_high": 0.10833333333333338,
      "wins": 6,
      "losses": 0,
      "ties": 6,
      "rel_improvement_pct": 9.82905982905983
    },
    "vs_random": {
      "n": 12,
      "mean_before": 0.6833333333333332,
      "mean_after": 0.7138888888888889,
      "mean_delta": 0.03055555555555556,
      "sd_delta": 0.06584084473195066,
      "median_delta": 0.033333333333333326,
      "t_stat": 1.607627450442881,
      "t_p_value": 0.1362173753777624,
      "wilcoxon_stat": 10.0,
      "wilcoxon_p_value": 0.16015625,
      "cohen_dz": 0.4640820706349144,
      "ci95_low": -0.00555555555555554,
      "ci95_high": 0.06944444444444445,
      "wins": 7,
      "losses": 2,
      "ties": 3,
      "rel_improvement_pct": 4.4715447154471555
    },
    "task_ids": [
      "community_forum_topic",
      "consumer_sentiment_5",
      "edtech_question_router",
      "health_triage",
      "hospitality_review_stars",
      "market_research_subjectivity",
      "media_news_desk",
      "news_agency_topic",
      "platform_toxicity",
      "retail_counterfactual",
      "social_emotion",
      "trust_safety_hate"
    ]
  },
  "n_triaged": 16,
  "n_shipped_baseline": 25,
  "judge_calls_saved": 23,
  "n_regressions": 0,
  "task_ids": [
    "agri_crop_issue",
    "community_forum_topic",
    "consumer_sentiment_5",
    "cybersec_alert",
    "edtech_question_router",
    "edu_gsm8k",
    "edu_math_word",
    "energy_meter_event",
    "fin_banking_intent",
    "gaming_support",
    "gov_service_router",
    "health_triage",
    "hospitality_review_stars",
    "hr_resume_fit",
    "insurance_claim_type",
    "it_email_spam",
    "legal_contract_clause",
    "logistics_incident",
    "manufacturing_qa",
    "market_research_subjectivity",
    "media_news_desk",
    "news_agency_topic",
    "pharma_ade",
    "platform_toxicity",
    "realestate_attribute",
    "retail_counterfactual",
    "saas_ticket_priority",
    "social_emotion",
    "telecom_churn_reason",
    "travel_intent",
    "trust_safety_hate"
  ]
}